samples,average_ns,stdDev_ns,quartile_25th,quartile_50th,quartile_75th
183668,25908.816299,5261.318782,23991.000000,25309.000000,26701.000000
