samples,average_ns,stdDev_ns,quartile_25th,quartile_50th,quartile_75th
183194,19337.133705,2070.373442,18189.000000,19037.000000,19894.000000
