samples,average_ns,stdDev_ns,quartile_25th,quartile_50th,quartile_75th
183291,24777.379740,3032.191208,23059.000000,24263.000000,25542.000000
