samples,average_ns,stdDev_ns,quartile_25th,quartile_50th,quartile_75th
16314,565987.785522,6194.081105,562115.000000,565515.000000,569564.000000
