samples,average_ns,stdDev_ns,quartile_25th,quartile_50th,quartile_75th
17683,565732.365266,7895.805523,562007.000000,565331.000000,569436.000000
