samples,average_ns,stdDev_ns,quartile_25th,quartile_50th,quartile_75th
183927,28991.281715,3700.635019,26698.000000,28205.000000,30058.000000
