samples,average_ns,stdDev_ns,quartile_25th,quartile_50th,quartile_75th
181827,41787.936533,5360.489324,37961.000000,40659.000000,44445.000000
