samples,average_ns,stdDev_ns,quartile_25th,quartile_50th,quartile_75th
20655,565282.357250,50662.587994,566803.000000,569901.000000,574404.000000
