samples,average_ns,stdDev_ns,quartile_25th,quartile_50th,quartile_75th
183987,23100.888829,2640.702719,21598.000000,22688.000000,23821.000000
