samples,average_ns,stdDev_ns,quartile_25th,quartile_50th,quartile_75th
3164,555327.468078,98150.874417,565579.000000,574623.000000,575609.000000
