samples,average_ns,stdDev_ns,quartile_25th,quartile_50th,quartile_75th
248209,9602.522733,407.308693,9359.000000,9585.000000,9804.000000
