samples,average_ns,stdDev_ns,quartile_25th,quartile_50th,quartile_75th
182482,18915.300912,7335.539571,17752.000000,18570.000000,19368.000000
