samples,average_ns,stdDev_ns,quartile_25th,quartile_50th,quartile_75th
280686,10001.905638,595.989871,9665.000000,9907.000000,10288.000000
