devDesc,mpps_avg,mpps_stdDev,mbit_avg,mbit_stdDev,wirembit_avg,bytes_total,packets_total
txCtr,8.116826,0.040078,4155.814586,20.519853,5454.506753,168773572.000000,10801508608.000000
rxCtr,8.120161,0.026020,4157.522709,13.319972,5456.748480,168662775.000000,10794417600.000000
