samples,average_ns,stdDev_ns,quartile_25th,quartile_50th,quartile_75th
183834,17317.288913,1724.127197,16352.000000,17084.000000,17801.000000
