samples,average_ns,stdDev_ns,quartile_25th,quartile_50th,quartile_75th
180502,20961.211316,2285.983689,19653.000000,20621.000000,21603.000000
