samples,average_ns,stdDev_ns,quartile_25th,quartile_50th,quartile_75th
183757,21923.494441,2449.292625,20547.000000,21562.000000,22583.000000
