samples,average_ns,stdDev_ns,quartile_25th,quartile_50th,quartile_75th
184188,18501.262949,1970.230317,17448.000000,18243.000000,19019.000000
