samples,average_ns,stdDev_ns,quartile_25th,quartile_50th,quartile_75th
157612,18131.891518,1866.684821,17108.000000,17891.000000,18656.000000
