samples,average_ns,stdDev_ns,quartile_25th,quartile_50th,quartile_75th
185458,22334.838740,2569.749359,20873.000000,21931.000000,23027.000000
