samples,average_ns,stdDev_ns,quartile_25th,quartile_50th,quartile_75th
4128,571464.107558,5630.406444,570663.000000,572640.000000,573331.000000
