samples,average_ns,stdDev_ns,quartile_25th,quartile_50th,quartile_75th
8066,773612.811307,102590.314730,782345.000000,787856.000000,792987.000000
