samples,average_ns,stdDev_ns,quartile_25th,quartile_50th,quartile_75th
2952,495744.468157,99675.831810,511352.000000,518027.000000,519023.000000
