samples,average_ns,stdDev_ns,quartile_25th,quartile_50th,quartile_75th
1141,577125.662577,181671.491455,625442.000000,636376.000000,637914.000000
