samples,average_ns,stdDev_ns,quartile_25th,quartile_50th,quartile_75th
252195,9948.989322,586.374742,9616.000000,9840.000000,10221.000000
