samples,average_ns,stdDev_ns,quartile_25th,quartile_50th,quartile_75th
4542,568469.972919,5809.302926,562788.000000,569334.000000,571053.000000
