samples,average_ns,stdDev_ns,quartile_25th,quartile_50th,quartile_75th
182992,11124.429177,764.452616,10681.000000,11113.000000,11450.000000
