samples,average_ns,stdDev_ns,quartile_25th,quartile_50th,quartile_75th
3041,578628.025978,5907.260538,577025.000000,579955.000000,580766.000000
