samples,average_ns,stdDev_ns,quartile_25th,quartile_50th,quartile_75th
821,630110.433618,7009.916578,623448.000000,631792.000000,633736.000000
