samples,average_ns,stdDev_ns,quartile_25th,quartile_50th,quartile_75th
157764,17438.070605,2114.930791,16463.000000,17191.000000,17909.000000
