samples,average_ns,stdDev_ns,quartile_25th,quartile_50th,quartile_75th
5174,556003.895825,91701.442358,569118.000000,572432.000000,573293.000000
