samples,average_ns,stdDev_ns,quartile_25th,quartile_50th,quartile_75th
3258,570844.733272,6472.430786,564566.000000,572184.000000,573410.000000
