samples,average_ns,stdDev_ns,quartile_25th,quartile_50th,quartile_75th
2209,532501.492531,141204.792070,563709.000000,571993.000000,573061.000000
