samples,average_ns,stdDev_ns,quartile_25th,quartile_50th,quartile_75th
1858,549932.165770,131117.604903,571459.000000,580130.000000,581190.000000
