samples,average_ns,stdDev_ns,quartile_25th,quartile_50th,quartile_75th
3633,570184.155794,5573.349557,564059.000000,571253.000000,572816.000000
