samples,average_ns,stdDev_ns,quartile_25th,quartile_50th,quartile_75th
7147,788897.421156,10852.335013,784303.000000,789744.000000,794898.000000
