samples,average_ns,stdDev_ns,quartile_25th,quartile_50th,quartile_75th
8546,808601.791481,94790.059453,815059.000000,821242.000000,826768.000000
