samples,average_ns,stdDev_ns,quartile_25th,quartile_50th,quartile_75th
5125,788079.151415,10390.386608,783357.000000,788884.000000,794043.000000
