samples,average_ns,stdDev_ns,quartile_25th,quartile_50th,quartile_75th
7932,781508.802446,102866.855778,790270.000000,795475.000000,800808.000000
