samples,average_ns,stdDev_ns,quartile_25th,quartile_50th,quartile_75th
2731,517042.839619,4667.693850,511597.000000,518269.000000,518980.000000
