samples,average_ns,stdDev_ns,quartile_25th,quartile_50th,quartile_75th
189657,12236.518858,990.612823,11753.000000,12178.000000,12602.000000
