samples,average_ns,stdDev_ns,quartile_25th,quartile_50th,quartile_75th
24522,553129.078786,69210.332741,561189.000000,563726.000000,567995.000000
