samples,average_ns,stdDev_ns,quartile_25th,quartile_50th,quartile_75th
29352,557456.158592,53865.640993,561077.000000,563525.000000,567938.000000
