samples,average_ns,stdDev_ns,quartile_25th,quartile_50th,quartile_75th
184280,53433.721001,9259.703929,50419.000000,53173.000000,55835.000000
