samples,average_ns,stdDev_ns,quartile_25th,quartile_50th,quartile_75th
22454,565737.801639,14787.605038,562847.000000,565851.000000,569989.000000
