samples,average_ns,stdDev_ns,quartile_25th,quartile_50th,quartile_75th
181567,52865.685163,3918.930002,50022.000000,52760.000000,55483.000000
