samples,average_ns,stdDev_ns,quartile_25th,quartile_50th,quartile_75th
19286,624877.241522,53509.769054,627480.000000,628851.000000,631219.000000
