samples,average_ns,stdDev_ns,quartile_25th,quartile_50th,quartile_75th
184458,53075.364224,4024.915544,50263.000000,53000.000000,55673.000000
