samples,average_ns,stdDev_ns,quartile_25th,quartile_50th,quartile_75th
30465,499780.632168,83017.410585,464559.000000,533514.000000,556160.000000
