samples,average_ns,stdDev_ns,quartile_25th,quartile_50th,quartile_75th
25508,558395.328564,50432.170912,560311.000000,563270.000000,567504.000000
