samples,average_ns,stdDev_ns,quartile_25th,quartile_50th,quartile_75th
28606,609513.505244,63726.494318,615580.000000,617459.000000,620090.000000
