samples,average_ns,stdDev_ns,quartile_25th,quartile_50th,quartile_75th
277806,9855.244156,520.099782,9549.000000,9771.000000,10096.000000
