samples,average_ns,stdDev_ns,quartile_25th,quartile_50th,quartile_75th
184214,59060.140961,10319.566555,54984.000000,58498.000000,61816.000000
