samples,average_ns,stdDev_ns,quartile_25th,quartile_50th,quartile_75th
24274,619020.844278,53926.718212,622176.000000,623590.000000,625558.000000
