samples,average_ns,stdDev_ns,quartile_25th,quartile_50th,quartile_75th
28566,613616.940349,41728.768764,616206.000000,618200.000000,620813.000000
