samples,average_ns,stdDev_ns,quartile_25th,quartile_50th,quartile_75th
181164,19518.007982,2186.966289,18336.000000,19202.000000,20054.000000
