samples,average_ns,stdDev_ns,quartile_25th,quartile_50th,quartile_75th
25360,562062.203983,24852.776755,560546.000000,563485.000000,567581.000000
