samples,average_ns,stdDev_ns,quartile_25th,quartile_50th,quartile_75th
180923,56957.838053,4783.371600,53421.000000,56912.000000,60277.000000
