samples,average_ns,stdDev_ns,quartile_25th,quartile_50th,quartile_75th
180828,53562.663078,3900.366281,50680.000000,53430.000000,56107.000000
