samples,average_ns,stdDev_ns,quartile_25th,quartile_50th,quartile_75th
219604,11604.235205,875.992480,11180.000000,11568.000000,11936.000000
