samples,average_ns,stdDev_ns,quartile_25th,quartile_50th,quartile_75th
21943,625770.797247,19887.880579,624296.000000,625867.000000,628608.000000
