samples,average_ns,stdDev_ns,quartile_25th,quartile_50th,quartile_75th
184124,54238.610268,4278.084459,51306.000000,54050.000000,56671.000000
