samples,average_ns,stdDev_ns,quartile_25th,quartile_50th,quartile_75th
29010,557224.619786,42369.777739,559929.000000,562293.000000,566694.000000
