samples,average_ns,stdDev_ns,quartile_25th,quartile_50th,quartile_75th
26072,560539.317122,47833.928965,561544.000000,564634.000000,569025.000000
