samples,average_ns,stdDev_ns,quartile_25th,quartile_50th,quartile_75th
181065,54011.353746,3812.239358,51112.000000,53869.000000,56480.000000
