samples,average_ns,stdDev_ns,quartile_25th,quartile_50th,quartile_75th
29757,558824.669187,41108.591668,560602.000000,563171.000000,567659.000000
