samples,average_ns,stdDev_ns,quartile_25th,quartile_50th,quartile_75th
185166,15209.285333,1485.001525,14426.000000,15053.000000,15643.000000
