samples,average_ns,stdDev_ns,quartile_25th,quartile_50th,quartile_75th
24337,562272.159469,21776.530735,560342.000000,562862.000000,567464.000000
