samples,average_ns,stdDev_ns,quartile_25th,quartile_50th,quartile_75th
20507,566157.511338,18983.271989,563094.000000,566127.000000,570330.000000
