samples,average_ns,stdDev_ns,quartile_25th,quartile_50th,quartile_75th
183634,57223.965605,9197.246678,53565.000000,57064.000000,60351.000000
