samples,average_ns,stdDev_ns,quartile_25th,quartile_50th,quartile_75th
181521,53024.204963,4043.958773,50186.000000,52940.000000,55636.000000
