samples,average_ns,stdDev_ns,quartile_25th,quartile_50th,quartile_75th
184143,25508.776207,3136.173694,23672.000000,24965.000000,26312.000000
