samples,average_ns,stdDev_ns,quartile_25th,quartile_50th,quartile_75th
182285,58281.778748,4587.866326,54742.000000,58164.000000,61413.000000
