samples,average_ns,stdDev_ns,quartile_25th,quartile_50th,quartile_75th
25399,553260.668688,54465.611007,559477.000000,561721.000000,565915.000000
