samples,average_ns,stdDev_ns,quartile_25th,quartile_50th,quartile_75th
184808,53550.298640,4143.368234,50647.000000,53424.000000,56103.000000
