samples,average_ns,stdDev_ns,quartile_25th,quartile_50th,quartile_75th
23058,559845.833940,51529.947324,561674.000000,564626.000000,568787.000000
