samples,average_ns,stdDev_ns,quartile_25th,quartile_50th,quartile_75th
3421,571831.655072,5670.031937,570579.000000,573090.000000,573891.000000
