samples,average_ns,stdDev_ns,quartile_25th,quartile_50th,quartile_75th
186315,13857.605099,10205.384714,13111.000000,13619.000000,14112.000000
