samples,average_ns,stdDev_ns,quartile_25th,quartile_50th,quartile_75th
27401,617173.123791,34978.348559,618023.000000,619651.000000,622150.000000
