samples,average_ns,stdDev_ns,quartile_25th,quartile_50th,quartile_75th
21774,573202.369799,12802.076460,569409.000000,572384.000000,577051.000000
