samples,average_ns,stdDev_ns,quartile_25th,quartile_50th,quartile_75th
1022,630447.459883,7095.909530,629368.000000,631826.000000,633397.000000
