samples,average_ns,stdDev_ns,quartile_25th,quartile_50th,quartile_75th
379273,9251.030936,436.272100,9021.000000,9133.000000,9379.000000
