samples,average_ns,stdDev_ns,quartile_25th,quartile_50th,quartile_75th
23457,569202.535917,15538.650577,566333.000000,568756.000000,573420.000000
