samples,average_ns,stdDev_ns,quartile_25th,quartile_50th,quartile_75th
184891,54013.127562,12754.980448,50917.000000,53675.000000,56336.000000
