samples,average_ns,stdDev_ns,quartile_25th,quartile_50th,quartile_75th
23798,619384.365829,15252.424089,617609.000000,618987.000000,621402.000000
