samples,average_ns,stdDev_ns,quartile_25th,quartile_50th,quartile_75th
119838,91522.992715,48455.052002,53082.000000,57488.000000,140551.000000
