samples,average_ns,stdDev_ns,quartile_25th,quartile_50th,quartile_75th
25913,562207.262957,21550.790979,560052.000000,562850.000000,567414.000000
