samples,average_ns,stdDev_ns,quartile_25th,quartile_50th,quartile_75th
183219,58272.092288,7771.996686,54688.000000,58053.000000,61317.000000
