samples,average_ns,stdDev_ns,quartile_25th,quartile_50th,quartile_75th
18431,620338.471217,15851.818472,618838.000000,619906.000000,622358.000000
