samples,average_ns,stdDev_ns,quartile_25th,quartile_50th,quartile_75th
184261,50317.345917,4943.402511,47120.000000,50341.000000,53776.000000
