samples,average_ns,stdDev_ns,quartile_25th,quartile_50th,quartile_75th
181606,52922.940514,3901.301789,50091.000000,52798.000000,55496.000000
