samples,average_ns,stdDev_ns,quartile_25th,quartile_50th,quartile_75th
180432,57440.862436,4636.782001,53926.000000,57348.000000,60673.000000
