samples,average_ns,stdDev_ns,quartile_25th,quartile_50th,quartile_75th
388302,9685.487520,445.204753,9428.000000,9642.000000,9904.000000
