samples,average_ns,stdDev_ns,quartile_25th,quartile_50th,quartile_75th
181621,53521.862340,3825.034598,50667.000000,53378.000000,56058.000000
