samples,average_ns,stdDev_ns,quartile_25th,quartile_50th,quartile_75th
21411,563386.722899,19619.377371,561262.000000,564106.000000,568390.000000
