samples,average_ns,stdDev_ns,quartile_25th,quartile_50th,quartile_75th
237916,10913.197998,691.037750,10501.000000,10914.000000,11232.000000
