samples,average_ns,stdDev_ns,quartile_25th,quartile_50th,quartile_75th
183719,58064.717607,4688.305828,54594.000000,57964.000000,61246.000000
