samples,average_ns,stdDev_ns,quartile_25th,quartile_50th,quartile_75th
157438,77336.724006,36915.211469,52700.000000,56835.000000,96413.000000
