samples,average_ns,stdDev_ns,quartile_25th,quartile_50th,quartile_75th
38019,477621.038744,126975.920013,421639.000000,547670.000000,561629.000000
