samples,average_ns,stdDev_ns,quartile_25th,quartile_50th,quartile_75th
183191,57611.909439,4533.602337,54059.000000,57566.000000,60781.000000
