samples,average_ns,stdDev_ns,quartile_25th,quartile_50th,quartile_75th
22240,567133.049281,45750.523163,567869.000000,569274.000000,574253.000000
