samples,average_ns,stdDev_ns,quartile_25th,quartile_50th,quartile_75th
179929,53668.751830,3831.815207,50810.000000,53548.000000,56205.000000
