samples,average_ns,stdDev_ns,quartile_25th,quartile_50th,quartile_75th
183067,53152.000836,4034.490343,50302.000000,53033.000000,55747.000000
