samples,average_ns,stdDev_ns,quartile_25th,quartile_50th,quartile_75th
157335,16673.640296,1691.265983,15778.000000,16470.000000,17143.000000
