samples,average_ns,stdDev_ns,quartile_25th,quartile_50th,quartile_75th
23960,774283.297788,47110.974522,773755.000000,780039.000000,785685.000000
