samples,average_ns,stdDev_ns,quartile_25th,quartile_50th,quartile_75th
19722,794971.158655,103476.471516,791609.000000,812819.000000,829051.000000
