samples,average_ns,stdDev_ns,quartile_25th,quartile_50th,quartile_75th
176717,68519.047664,7504.938469,63626.000000,67818.000000,73539.000000
