samples,average_ns,stdDev_ns,quartile_25th,quartile_50th,quartile_75th
36274,418172.051442,208928.881141,264653.000000,341330.000000,543296.000000
