samples,average_ns,stdDev_ns,quartile_25th,quartile_50th,quartile_75th
19123,802501.310359,106745.884005,800685.000000,820144.000000,835450.000000
