samples,average_ns,stdDev_ns,quartile_25th,quartile_50th,quartile_75th
145295,72712.294800,8328.231738,67037.000000,71677.000000,79500.000000
