samples,average_ns,stdDev_ns,quartile_25th,quartile_50th,quartile_75th
21021,755184.902526,114455.080462,764250.000000,780928.000000,786774.000000
