samples,average_ns,stdDev_ns,quartile_25th,quartile_50th,quartile_75th
101114,116880.874834,129964.361698,49187.000000,70725.000000,88945.000000
