samples,average_ns,stdDev_ns,quartile_25th,quartile_50th,quartile_75th
176314,69196.992445,7529.343022,64124.000000,68604.000000,74425.000000
