samples,average_ns,stdDev_ns,quartile_25th,quartile_50th,quartile_75th
54269,324175.710553,132068.238580,220979.000000,297193.000000,401882.000000
