samples,average_ns,stdDev_ns,quartile_25th,quartile_50th,quartile_75th
23872,779644.447009,34573.064031,777331.000000,783719.000000,788668.000000
