samples,average_ns,stdDev_ns,quartile_25th,quartile_50th,quartile_75th
23728,775141.072699,85054.467146,779909.000000,786661.000000,792040.000000
