samples,average_ns,stdDev_ns,quartile_25th,quartile_50th,quartile_75th
7574,891540.377344,16811.464290,882029.000000,893636.000000,902378.000000
