samples,average_ns,stdDev_ns,quartile_25th,quartile_50th,quartile_75th
149471,64028.495675,12908.722380,54454.000000,65218.000000,72829.000000
