samples,average_ns,stdDev_ns,quartile_25th,quartile_50th,quartile_75th
101615,121179.036205,126559.735959,59639.000000,73948.000000,88688.000000
