samples,average_ns,stdDev_ns,quartile_25th,quartile_50th,quartile_75th
173371,73224.834638,7611.017180,67556.000000,72442.000000,79993.000000
