samples,average_ns,stdDev_ns,quartile_25th,quartile_50th,quartile_75th
172803,73183.336273,7729.848593,67435.000000,72333.000000,79881.000000
