samples,average_ns,stdDev_ns,quartile_25th,quartile_50th,quartile_75th
20506,763402.255974,31752.382217,760609.000000,767028.000000,772190.000000
