samples,average_ns,stdDev_ns,quartile_25th,quartile_50th,quartile_75th
174129,72932.406922,8528.175667,67213.000000,71307.000000,79869.000000
