samples,average_ns,stdDev_ns,quartile_25th,quartile_50th,quartile_75th
172542,74100.712024,13035.725247,68053.000000,72357.000000,80627.000000
