samples,average_ns,stdDev_ns,quartile_25th,quartile_50th,quartile_75th
176897,69774.697960,7870.785972,64773.000000,69105.000000,75381.000000
