samples,average_ns,stdDev_ns,quartile_25th,quartile_50th,quartile_75th
176933,69802.400044,7752.855935,64702.000000,69270.000000,75344.000000
