samples,average_ns,stdDev_ns,quartile_25th,quartile_50th,quartile_75th
25363,739379.876079,103996.176107,748845.000000,760374.000000,765141.000000
