samples,average_ns,stdDev_ns,quartile_25th,quartile_50th,quartile_75th
150686,91289.001706,33928.391575,72357.000000,85506.000000,104512.000000
