samples,average_ns,stdDev_ns,quartile_25th,quartile_50th,quartile_75th
90343,141472.472477,152626.663836,67417.000000,78946.000000,119261.000000
