samples,average_ns,stdDev_ns,quartile_25th,quartile_50th,quartile_75th
24478,766071.566713,94800.953762,774378.000000,782028.000000,787632.000000
