samples,average_ns,stdDev_ns,quartile_25th,quartile_50th,quartile_75th
119493,96673.947445,114201.372042,64653.000000,81793.000000,90112.000000
