samples,average_ns,stdDev_ns,quartile_25th,quartile_50th,quartile_75th
174331,70027.353901,9238.914814,65334.000000,69739.000000,76672.000000
