samples,average_ns,stdDev_ns,quartile_25th,quartile_50th,quartile_75th
41875,360100.866961,213789.317649,200071.000000,277009.000000,492501.000000
