samples,average_ns,stdDev_ns,quartile_25th,quartile_50th,quartile_75th
83817,158695.151067,165922.190446,72603.000000,83669.000000,151185.000000
