samples,average_ns,stdDev_ns,quartile_25th,quartile_50th,quartile_75th
89131,179256.994289,29852.272197,166400.000000,175819.000000,187911.000000
