samples,average_ns,stdDev_ns,quartile_25th,quartile_50th,quartile_75th
170517,74012.730578,13112.338285,67888.000000,72205.000000,80521.000000
