samples,average_ns,stdDev_ns,quartile_25th,quartile_50th,quartile_75th
25495,739475.640557,112784.961184,753003.000000,765738.000000,771523.000000
