samples,average_ns,stdDev_ns,quartile_25th,quartile_50th,quartile_75th
21657,723079.404073,127432.097346,651267.000000,763908.000000,816294.000000
