samples,average_ns,stdDev_ns,quartile_25th,quartile_50th,quartile_75th
24532,751581.477458,89487.531092,758507.000000,764491.000000,769839.000000
