samples,average_ns,stdDev_ns,quartile_25th,quartile_50th,quartile_75th
33449,552387.186164,139689.095805,451521.000000,566881.000000,648731.000000
