samples,average_ns,stdDev_ns,quartile_25th,quartile_50th,quartile_75th
101069,118947.670671,124229.007510,57246.000000,72386.000000,88499.000000
