samples,average_ns,stdDev_ns,quartile_25th,quartile_50th,quartile_75th
90413,143586.417562,143118.464341,82427.000000,94022.000000,162725.000000
