samples,average_ns,stdDev_ns,quartile_25th,quartile_50th,quartile_75th
34258,533227.737609,181336.011279,392935.000000,478038.000000,684890.000000
