samples,average_ns,stdDev_ns,quartile_25th,quartile_50th,quartile_75th
22083,682425.055518,306506.755575,577814.000000,859571.000000,891121.000000
