samples,average_ns,stdDev_ns,quartile_25th,quartile_50th,quartile_75th
25164,742852.554920,106382.576973,756089.000000,773517.000000,782419.000000
