samples,average_ns,stdDev_ns,quartile_25th,quartile_50th,quartile_75th
8452,794678.886417,11329.651755,788491.000000,795072.000000,801868.000000
