samples,average_ns,stdDev_ns,quartile_25th,quartile_50th,quartile_75th
147127,71630.629211,8057.740509,66202.000000,70939.000000,78093.000000
