samples,average_ns,stdDev_ns,quartile_25th,quartile_50th,quartile_75th
52465,339004.014486,99754.309901,272681.000000,326429.000000,378622.000000
