samples,average_ns,stdDev_ns,quartile_25th,quartile_50th,quartile_75th
23475,784626.338104,32986.888208,778875.000000,787803.000000,795363.000000
