samples,average_ns,stdDev_ns,quartile_25th,quartile_50th,quartile_75th
22574,801931.569150,98394.445333,799472.000000,814959.000000,828435.000000
