samples,average_ns,stdDev_ns,quartile_25th,quartile_50th,quartile_75th
23636,779621.540912,31151.289797,775544.000000,783390.000000,789455.000000
