samples,average_ns,stdDev_ns,quartile_25th,quartile_50th,quartile_75th
24763,751829.023826,111700.402434,762220.000000,770741.000000,784675.000000
