samples,average_ns,stdDev_ns,quartile_25th,quartile_50th,quartile_75th
22340,673838.094270,263857.825495,589124.000000,765968.000000,878179.000000
