samples,average_ns,stdDev_ns,quartile_25th,quartile_50th,quartile_75th
24735,752239.320922,117286.130072,763349.000000,780720.000000,788259.000000
