samples,average_ns,stdDev_ns,quartile_25th,quartile_50th,quartile_75th
18569,802686.586192,223612.459476,857197.000000,872752.000000,891530.000000
