samples,average_ns,stdDev_ns,quartile_25th,quartile_50th,quartile_75th
172813,72884.948065,7783.721785,67214.000000,71656.000000,79697.000000
