samples,average_ns,stdDev_ns,quartile_25th,quartile_50th,quartile_75th
135122,72970.073652,55163.660529,49812.000000,58136.000000,72570.000000
