samples,average_ns,stdDev_ns,quartile_25th,quartile_50th,quartile_75th
178564,59414.827759,13179.215549,48909.000000,57668.000000,69179.000000
