samples,average_ns,stdDev_ns,quartile_25th,quartile_50th,quartile_75th
23914,774619.496404,53585.735654,767283.000000,781254.000000,790607.000000
