samples,average_ns,stdDev_ns,quartile_25th,quartile_50th,quartile_75th
108248,108581.480129,121554.258336,81147.000000,86400.000000,95315.000000
