samples,average_ns,stdDev_ns,quartile_25th,quartile_50th,quartile_75th
17766,853205.601936,123191.519893,858747.000000,877466.000000,889085.000000
