samples,average_ns,stdDev_ns,quartile_25th,quartile_50th,quartile_75th
20393,769122.501349,103302.736734,774423.000000,785290.000000,793986.000000
