samples,average_ns,stdDev_ns,quartile_25th,quartile_50th,quartile_75th
24084,770642.474589,29702.690428,767416.000000,773662.000000,778764.000000
