samples,average_ns,stdDev_ns,quartile_25th,quartile_50th,quartile_75th
7185,771320.226722,109943.687609,781741.000000,787284.000000,792389.000000
