samples,average_ns,stdDev_ns,quartile_25th,quartile_50th,quartile_75th
15829,861785.621138,120099.295150,864299.000000,879668.000000,891416.000000
