samples,average_ns,stdDev_ns,quartile_25th,quartile_50th,quartile_75th
23660,783545.612511,29567.525559,778600.000000,785982.000000,793453.000000
