samples,average_ns,stdDev_ns,quartile_25th,quartile_50th,quartile_75th
19866,773604.310883,101332.455795,776715.000000,789408.000000,798490.000000
