samples,average_ns,stdDev_ns,quartile_25th,quartile_50th,quartile_75th
17579,862197.816941,89089.584919,861720.000000,878871.000000,892117.000000
