samples,average_ns,stdDev_ns,quartile_25th,quartile_50th,quartile_75th
171513,72084.136229,7856.679353,67216.000000,71385.000000,78158.000000
