samples,average_ns,stdDev_ns,quartile_25th,quartile_50th,quartile_75th
2443,497267.966844,97878.141545,512099.000000,518840.000000,519770.000000
