samples,average_ns,stdDev_ns,quartile_25th,quartile_50th,quartile_75th
31586,508422.162192,44321.900463,510921.000000,512919.000000,515746.000000
