samples,average_ns,stdDev_ns,quartile_25th,quartile_50th,quartile_75th
184537,39808.566905,5009.688547,36243.000000,38581.000000,42453.000000
