samples,average_ns,stdDev_ns,quartile_25th,quartile_50th,quartile_75th
182243,49363.426239,3823.253158,47225.000000,49482.000000,51760.000000
