samples,average_ns,stdDev_ns,quartile_25th,quartile_50th,quartile_75th
29367,510142.573841,30092.471504,510720.000000,512978.000000,515527.000000
