samples,average_ns,stdDev_ns,quartile_25th,quartile_50th,quartile_75th
30550,493137.960393,81115.495840,510262.000000,513009.000000,516037.000000
