samples,average_ns,stdDev_ns,quartile_25th,quartile_50th,quartile_75th
183629,48124.468216,4401.396693,45400.000000,48400.000000,51092.000000
