samples,average_ns,stdDev_ns,quartile_25th,quartile_50th,quartile_75th
24296,520567.479174,8584.140521,518127.000000,520585.000000,523077.000000
