samples,average_ns,stdDev_ns,quartile_25th,quartile_50th,quartile_75th
182213,50142.917893,3666.240394,47989.000000,50134.000000,52256.000000
